NO_OUVRAGE,DATE,SURVERSE,sumMcTavish,maxMcTavish,sumBellevue,maxBellevue,sumAssomption,maxAssomption,sumTrudeau,maxTrudeau,sumStHubert,maxStHubert
4350-01D,2013-05-01,0,0,0,,0,0,0,0,0,0,0
4350-01D,2013-05-02,0,0,0,,0,0,0,0,0,0,0
4350-01D,2013-05-03,0,0,0,,0,0,0,0,0,0,0
4350-01D,2013-05-04,0,0,0,,0,0,0,0,0,0,0
4350-01D,2013-05-05,0,0,0,,0,0,0,0,0,0,0
4350-01D,2013-05-06,0,0,0,,0,0,0,0,0,0,0
4350-01D,2013-05-07,0,0,0,,0,0,0,0,0,0,0
4350-01D,2013-05-08,0,0,0,,0,0,0,0,0,0,0
4350-01D,2013-05-09,0,10,10,,0,19,19,0,0,8,6
4350-01D,2013-05-10,0,0,0,,4,20,20,0,0,2,2
4350-01D,2013-05-11,0,106,39,,105,190,60,138,57,86,29
4350-01D,2013-05-12,0,0,0,,0,10,10,0,0,1,1
4350-01D,2013-05-13,0,10,10,,0,0,0,0,0,6,6
4350-01D,2013-05-14,0,0,0,,0,0,0,0,0,0,0
4350-01D,2013-05-15,0,40,16,,0,10,10,10,10,25,11
4350-01D,2013-05-16,0,0,0,,0,0,0,0,0,0,0
4350-01D,2013-05-17,0,0,0,,0,0,0,0,0,0,0
4350-01D,2013-05-18,0,0,0,,0,0,0,0,0,0,0
4350-01D,2013-05-19,0,12,12,,21,0,0,32,14,7,7
4350-01D,2013-05-20,0,64,27,,19,90,50,38,17,51,19
4350-01D,2013-05-21,0,40,16,,51,50,30,39,21,30,10
4350-01D,2013-05-22,0,26,26,,0,0,0,0,0,16,16
4350-01D,2013-05-23,0,232,144,,92,240,80,108,54,172,90
4350-01D,2013-05-24,0,52,26,,63,70,20,59,15,39,17
4350-01D,2013-05-25,0,116,22,,56,98,30,79,18,81,16
4350-01D,2013-05-26,0,116,25,,132,159,30,172,24,91,19
4350-01D,2013-05-27,0,0,0,,0,0,0,0,0,0,0
4350-01D,2013-05-28,0,11,11,,0,0,0,0,0,7,7
4350-01D,2013-05-29,0,146,75,,80,50,30,189,67,97,47
4350-01D,2013-05-30,0,0,0,,0,0,0,0,0,0,0
4350-01D,2013-05-31,0,0,0,,0,0,0,0,0,0,0
4350-01D,2013-06-01,0,222,180,,93,30,20,117,100,142,114
4350-01D,2013-06-02,0,68,25,,152,140,80,121,35,59,25
4350-01D,2013-06-03,0,0,0,,0,0,0,0,0,0,0
4350-01D,2013-06-04,0,24,24,,0,0,0,0,0,15,15
4350-01D,2013-06-05,0,0,0,,0,0,0,0,0,0,0
4350-01D,2013-06-06,0,50,18,,65,30,20,45,9,34,11
4350-01D,2013-06-07,0,83,20,,112,150,31,78,17,68,15
4350-01D,2013-06-08,0,80,26,,53,50,19,61,23,55,17
4350-01D,2013-06-09,0,0,0,,0,10,10,0,0,1,1
4350-01D,2013-06-10,0,0,0,,0,10,10,0,0,1,1
4350-01D,2013-06-11,1,358,50,,310,350,50,304,50,264,36
4350-01D,2013-06-12,0,30,16,,75,10,10,37,16,20,10
4350-01D,2013-06-13,0,0,0,,0,20,20,0,0,2,2
4350-01D,2013-06-14,0,0,0,,0,0,0,0,0,0,0
4350-01D,2013-06-15,0,0,0,,0,0,0,0,0,0,0
4350-01D,2013-06-16,0,124,42,,95,100,30,103,31,89,30
4350-01D,2013-06-17,0,0,0,,0,10,10,0,0,1,1
4350-01D,2013-06-18,0,0,0,,0,0,0,0,0,0,0
4350-01D,2013-06-19,0,0,0,,0,0,0,0,0,0,0
4350-01D,2013-06-20,0,0,0,,0,0,0,0,0,0,0
4350-01D,2013-06-21,0,0,0,,0,0,0,0,0,0,0
4350-01D,2013-06-22,0,102,20,,102,70,30,115,21,72,15
4350-01D,2013-06-23,0,0,0,,0,0,0,0,0,0,0
4350-01D,2013-06-24,0,117,44,,49,600,259,63,19,142,50
4350-01D,2013-06-25,0,0,0,,102,10,10,40,40,2,1
4350-01D,2013-06-26,0,10,10,,38,40,40,0,0,11,6
4350-01D,2013-06-27,0,0,0,,0,0,0,0,0,0,0
4350-01D,2013-06-28,1,275,113,,204,250,104,171,74,201,75
4350-01D,2013-06-29,0,0,0,,0,10,10,0,0,1,1
4350-01D,2013-06-30,0,0,0,,0,0,0,0,0,0,0
4350-01D,2013-07-01,0,0,0,,0,0,0,0,0,0,0
4350-01D,2013-07-02,0,0,0,,0,20,20,0,0,2,2
4350-01D,2013-07-03,0,0,0,,0,10,10,0,0,1,1
4350-01D,2013-07-04,0,0,0,,0,0,0,0,0,0,0
4350-01D,2013-07-05,0,0,0,,10,0,0,15,15,0,0
4350-01D,2013-07-06,0,0,0,,0,0,0,0,0,0,0
4350-01D,2013-07-07,0,138,126,,55,0,0,69,43,86,78
4350-01D,2013-07-08,0,10,10,,9,0,0,15,7,6,6
4350-01D,2013-07-09,0,0,0,,0,0,0,0,0,0,0
4350-01D,2013-07-10,0,187,176,,3,80,60,21,8,126,110
4350-01D,2013-07-11,0,0,0,,0,0,0,0,0,0,0
4350-01D,2013-07-12,0,10,10,,0,0,0,0,0,6,6
4350-01D,2013-07-13,0,0,0,,0,0,0,0,0,0,0
4350-01D,2013-07-14,0,0,0,,0,0,0,0,0,0,0
4350-01D,2013-07-15,0,0,0,,0,0,0,0,0,0,0
4350-01D,2013-07-16,0,0,0,,0,0,0,0,0,0,0
4350-01D,2013-07-17,1,240,240,,86,20,20,220,210,151,149
4350-01D,2013-07-18,0,10,10,,0,0,0,23,20,6,6
4350-01D,2013-07-19,1,140,58,,275,210,78,209,74,113,38
4350-01D,2013-07-20,0,60,48,,66,30,20,52,47,40,30
4350-01D,2013-07-21,0,0,0,,0,0,0,0,0,0,0
4350-01D,2013-07-22,0,0,0,,0,0,0,0,0,0,0
4350-01D,2013-07-23,0,394,258,,27,100,100,107,67,257,161
4350-01D,2013-07-24,0,0,0,,0,0,0,0,0,0,0
4350-01D,2013-07-25,0,0,0,,0,0,0,0,0,0,0
4350-01D,2013-07-26,0,0,0,,0,0,0,0,0,0,0
4350-01D,2013-07-27,0,0,0,,0,0,0,0,0,0,0
4350-01D,2013-07-28,0,94,50,,206,120,70,110,48,72,35
4350-01D,2013-07-29,0,66,66,,46,0,0,28,28,41,41
4350-01D,2013-07-30,0,18,18,,0,0,0,0,0,11,11
4350-01D,2013-07-31,0,0,0,,0,0,0,0,0,0,0
4350-01D,2013-08-01,0,102,80,,118,160,140,72,69,83,66
4350-01D,2013-08-02,0,0,0,,0,0,0,0,0,0,0
4350-01D,2013-08-03,0,0,0,,189,270,156,5,5,33,18
4350-01D,2013-08-04,0,12,12,,0,21,11,0,0,9,7
4350-01D,2013-08-05,0,0,0,,0,0,0,0,0,0,0
4350-01D,2013-08-06,0,0,0,,0,0,0,0,0,0,0
4350-01D,2013-08-07,0,0,0,,24,0,0,0,0,0,0
4350-01D,2013-08-08,0,0,0,,0,200,175,0,0,23,20
4350-01D,2013-08-09,0,72,72,,47,0,0,61,61,45,45
4350-01D,2013-08-10,0,0,0,,0,0,0,0,0,0,0
4350-01D,2013-08-11,0,0,0,,0,0,0,0,0,0,0
4350-01D,2013-08-12,0,0,0,,0,0,0,0,0,0,0
4350-01D,2013-08-13,0,104,47,,121,280,139,109,67,98,32
4350-01D,2013-08-14,0,48,36,,16,20,10,31,16,32,22
4350-01D,2013-08-15,0,0,0,,0,0,0,0,0,0,0
4350-01D,2013-08-16,0,0,0,,0,0,0,0,0,0,0
4350-01D,2013-08-17,0,0,0,,0,0,0,0,0,0,0
4350-01D,2013-08-18,0,0,0,,0,10,10,0,0,1,1
4350-01D,2013-08-19,0,0,0,,0,0,0,0,0,0,0
4350-01D,2013-08-20,0,0,0,,0,0,0,0,0,0,0
4350-01D,2013-08-21,0,0,0,,0,0,0,0,0,0,0
4350-01D,2013-08-22,0,212,91,,142,90,30,67,20,144,59
4350-01D,2013-08-23,0,0,0,,0,10,10,0,0,1,1
4350-01D,2013-08-24,0,0,0,,0,10,10,0,0,1,1
4350-01D,2013-08-25,0,10,10,,0,20,20,4,4,8,8
4350-01D,2013-08-26,0,70,42,,74,20,10,37,26,46,28
4350-01D,2013-08-27,0,0,0,,0,0,0,0,0,0,0
4350-01D,2013-08-28,0,10,10,,0,0,0,42,42,6,6
4350-01D,2013-08-29,0,0,0,,0,0,0,0,0,0,0
4350-01D,2013-08-30,0,138,80,,109,120,40,176,103,99,54
4350-01D,2013-08-31,0,0,0,,0,0,0,0,0,0,0
4350-01D,2013-09-01,0,0,0,,0,0,0,0,0,0,0
4350-01D,2013-09-02,1,215,125,,75,190,93,196,96,155,78
4350-01D,2013-09-03,0,10,10,,0,0,0,0,0,6,6
4350-01D,2013-09-04,0,0,0,,0,0,0,0,0,0,0
4350-01D,2013-09-05,0,0,0,,0,10,10,0,0,1,1
4350-01D,2013-09-06,0,0,0,,0,0,0,0,0,0,0
4350-01D,2013-09-07,0,0,0,,0,0,0,0,0,0,0
4350-01D,2013-09-08,0,0,0,,0,0,0,3,3,0,0
4350-01D,2013-09-09,0,0,0,,0,0,0,0,0,0,0
4350-01D,2013-09-10,0,22,12,,21,10,10,21,8,14,7
4350-01D,2013-09-11,0,51,38,,98,80,32,53,53,42,24
4350-01D,2013-09-12,1,362,99,,371,100,30,320,78,237,62
4350-01D,2013-09-13,0,0,0,,38,0,0,30,25,0,0
4350-01D,2013-09-14,0,0,0,,0,0,0,0,0,0,0
4350-01D,2013-09-15,0,12,12,,6,0,0,3,3,8,8
4350-01D,2013-09-16,0,86,48,,81,60,30,108,70,60,31
4350-01D,2013-09-17,0,0,0,,0,0,0,0,0,0,0
4350-01D,2013-09-18,0,0,0,,0,0,0,0,0,0,0
4350-01D,2013-09-19,0,0,0,,0,0,0,0,0,0,0
4350-01D,2013-09-20,0,0,0,,0,0,0,0,0,0,0
4350-01D,2013-09-21,0,88,34,,55,160,50,83,25,73,25
4350-01D,2013-09-22,0,85,32,,60,50,20,73,38,59,20
4350-01D,2013-09-23,0,0,0,,0,0,0,0,0,0,0
4350-01D,2013-09-24,0,0,0,,0,0,0,0,0,0,0
4350-01D,2013-09-25,0,0,0,,0,0,0,0,0,0,0
4350-01D,2013-09-26,0,0,0,,0,0,0,0,0,0,0
4350-01D,2013-09-27,0,0,0,,0,0,0,0,0,0,0
4350-01D,2013-09-28,0,0,0,,0,0,0,0,0,0,0
4350-01D,2013-09-29,0,0,0,,0,0,0,0,0,0,0
4350-01D,2013-09-30,0,0,0,,0,0,0,0,0,0,0
4350-01D,2013-10-01,0,0,0,,0,0,0,0,0,0,0
4350-01D,2013-10-02,0,0,0,,0,0,0,0,0,0,0
4350-01D,2013-10-03,0,0,0,,0,0,0,0,0,0,0
4350-01D,2013-10-04,0,0,0,,0,0,0,0,0,0,0
4350-01D,2013-10-05,0,0,0,,0,0,0,0,0,0,0
4350-01D,2013-10-06,0,36,22,,42,50,30,53,26,28,16
4350-01D,2013-10-07,1,206,64,,107,140,50,128,50,144,43
4350-01D,2013-10-08,0,10,10,,0,0,0,0,0,6,6
4350-01D,2013-10-09,0,0,0,,0,10,10,0,0,1,1
4350-01D,2013-10-10,0,2082,2082,,0,0,0,0,0,1299,1299
4350-01D,2013-10-11,0,0,0,,0,0,0,0,0,0,0
4350-01D,2013-10-12,0,0,0,,0,0,0,0,0,0,0
4350-01D,2013-10-13,0,0,0,,0,0,0,0,0,0,0
4350-01D,2013-10-14,0,24,12,,21,70,50,28,15,23,9
4350-01D,2013-10-15,0,0,0,,0,0,0,0,0,0,0
4350-01D,2013-10-16,0,12,12,,25,0,0,7,7,8,8
4350-01D,2013-10-17,0,114,71,,78,80,70,113,53,79,52
4350-01D,2013-10-18,0,58,18,,34,42,30,45,27,42,15
4350-01D,2013-10-19,0,0,0,,14,0,0,16,16,0,0
4350-01D,2013-10-20,0,60,31,,26,68,20,46,28,44,21
4350-01D,2013-10-21,0,0,0,,0,0,0,0,0,0,0
4350-01D,2013-10-22,0,16,16,,16,40,30,13,5,14,13
4350-01D,2013-10-23,0,0,0,,0,0,0,0,0,0,0
4350-01D,2013-10-24,0,0,0,,0,0,0,0,0,0,0
4350-01D,2013-10-25,0,0,0,,0,0,0,0,0,0,0
4350-01D,2013-10-26,0,38,14,,36,30,10,25,7,27,10
4350-01D,2013-10-27,0,10,10,,6,20,20,3,3,8,6
4350-01D,2013-10-28,0,28,15,,11,10,10,15,6,18,9
4350-01D,2013-10-29,0,0,0,,0,0,0,0,0,0,0
4350-01D,2013-10-30,0,0,0,,0,0,0,0,0,0,0
4350-01D,2013-10-31,0,202,39,,185,160,40,183,33,145,29
4350-01D,2014-05-01,0,,,,,,,,,,
4350-01D,2014-05-02,0,0,0,,5,80,80,0,0,9,9
4350-01D,2014-05-03,0,14,14,,0,0,0,5,3,9,9
4350-01D,2014-05-04,0,211,36,,174,100,20,179,44,142,22
4350-01D,2014-05-05,0,11,11,,0,0,0,3,3,7,7
4350-01D,2014-05-06,0,0,0,,0,0,0,0,0,0,0
4350-01D,2014-05-07,0,0,0,,0,0,0,0,0,0,0
4350-01D,2014-05-08,0,0,0,,0,0,0,0,0,0,0
4350-01D,2014-05-09,0,22,22,,20,0,0,6,6,14,14
4350-01D,2014-05-10,0,68,32,,62,110,50,68,18,54,22
4350-01D,2014-05-11,0,0,0,,0,0,0,0,0,0,0
4350-01D,2014-05-12,0,0,0,,0,0,0,0,0,0,0
4350-01D,2014-05-13,0,0,0,,36,0,0,3,3,0,0
4350-01D,2014-05-14,0,0,0,,0,0,0,0,0,0,0
4350-01D,2014-05-15,0,0,0,,0,11,11,0,0,1,1
4350-01D,2014-05-16,0,152,22,,277,92,20,195,40,106,16
4350-01D,2014-05-17,1,300,90,,152,261,78,192,67,217,63
4350-01D,2014-05-18,0,0,0,,0,0,0,0,0,0,0
4350-01D,2014-05-19,0,0,0,,0,0,0,0,0,0,0
4350-01D,2014-05-20,0,0,0,,0,0,0,0,0,0,0
4350-01D,2014-05-21,0,0,0,,0,0,0,0,0,0,0
4350-01D,2014-05-22,0,44,32,,0,0,0,2,2,27,20
4350-01D,2014-05-23,0,0,0,,0,0,0,0,0,0,0
4350-01D,2014-05-24,0,0,0,,0,20,20,0,0,2,2
4350-01D,2014-05-25,0,22,22,,29,0,0,38,35,14,14
4350-01D,2014-05-26,0,72,37,,19,20,20,30,11,47,23
4350-01D,2014-05-27,0,86,44,,10,170,40,39,39,72,32
4350-01D,2014-05-28,0,10,10,,0,12,12,2,2,7,6
4350-01D,2014-05-29,0,0,0,,0,0,0,0,0,0,0
4350-01D,2014-05-30,0,7,7,,9,20,20,15,15,2,2
4350-01D,2014-05-31,0,0,0,,0,0,0,0,0,0,0
4350-01D,2014-06-01,0,0,0,,0,0,0,0,0,0,0
4350-01D,2014-06-02,0,0,0,,0,0,0,0,0,0,0
4350-01D,2014-06-03,0,228,77,,463,330,110,209,120,274,124
4350-01D,2014-06-04,0,0,0,,0,0,0,0,0,0,0
4350-01D,2014-06-05,0,1,1,,0,0,0,0,0,2,2
4350-01D,2014-06-06,0,4,4,,0,14,14,0,0,8,8
4350-01D,2014-06-07,0,0,0,,0,0,0,0,0,0,0
4350-01D,2014-06-08,0,0,0,,0,0,0,0,0,0,0
4350-01D,2014-06-09,0,0,0,,0,0,0,0,0,0,0
4350-01D,2014-06-10,0,0,0,,4,0,0,0,0,0,0
4350-01D,2014-06-11,0,16,5,,29,0,0,15,5,19,5
4350-01D,2014-06-12,0,249,48,,310,270,50,319,76,228,38
4350-01D,2014-06-13,1,269,49,,218,380,80,393,68,222,45
4350-01D,2014-06-14,0,63,27,,20,310,150,24,9,111,61
4350-01D,2014-06-15,0,0,0,,0,10,10,0,0,0,0
4350-01D,2014-06-16,0,0,0,,0,0,0,0,0,0,0
4350-01D,2014-06-17,0,118,96,,175,78,78,150,121,113,95
4350-01D,2014-06-18,1,138,77,,54,162,92,90,55,219,116
4350-01D,2014-06-19,0,0,0,,0,0,0,0,0,0,0
4350-01D,2014-06-20,0,0,0,,0,0,0,0,0,0,0
4350-01D,2014-06-21,0,0,0,,0,0,0,0,0,0,0
4350-01D,2014-06-22,0,0,0,,0,0,0,0,0,0,0
4350-01D,2014-06-23,0,0,0,,0,0,0,0,0,0,0
4350-01D,2014-06-24,0,380,142,,494,782,200,435,166,394,154
4350-01D,2014-06-25,0,28,28,,0,27,27,0,0,61,61
4350-01D,2014-06-26,0,0,0,,0,0,0,0,0,0,0
4350-01D,2014-06-27,0,0,0,,0,0,0,0,0,0,0
4350-01D,2014-06-28,0,0,0,,0,0,0,0,0,0,0
4350-01D,2014-06-29,0,0,0,,0,0,0,0,0,0,0
4350-01D,2014-06-30,0,0,0,,0,0,0,0,0,0,0
4350-01D,2014-07-01,0,0,0,,0,0,0,0,0,0,0
4350-01D,2014-07-02,0,0,0,,0,20,20,0,0,0,0
4350-01D,2014-07-03,0,0,0,,0,0,0,0,0,0,0
4350-01D,2014-07-04,0,19,16,,7,20,20,30,25,15,13
4350-01D,2014-07-05,0,13,13,,0,0,0,0,0,30,30
4350-01D,2014-07-06,0,0,0,,0,0,0,0,0,0,0
4350-01D,2014-07-07,0,77,27,,52,12,12,90,32,86,32
4350-01D,2014-07-08,0,41,31,,119,276,136,62,51,19,15
4350-01D,2014-07-09,0,2,2,,0,0,0,0,0,5,5
4350-01D,2014-07-10,0,0,0,,0,0,0,0,0,0,0
4350-01D,2014-07-11,0,0,0,,0,0,0,0,0,0,0
4350-01D,2014-07-12,0,0,0,,0,0,0,0,0,0,0
4350-01D,2014-07-13,0,102,48,,117,33,20,97,45,129,63
4350-01D,2014-07-14,0,0,0,,0,0,0,0,0,0,0
4350-01D,2014-07-15,0,15,7,,15,40,20,21,14,14,5
4350-01D,2014-07-16,0,1,1,,0,0,0,0,0,2,2
4350-01D,2014-07-17,0,0,0,,7,0,0,0,0,0,0
4350-01D,2014-07-18,0,0,0,,0,0,0,0,0,0,0
4350-01D,2014-07-19,0,0,0,,0,0,0,0,0,0,0
4350-01D,2014-07-20,0,0,0,,0,0,0,0,0,0,0
4350-01D,2014-07-21,0,0,0,,0,0,0,0,0,0,0
4350-01D,2014-07-22,0,0,0,,0,0,0,0,0,0,0
4350-01D,2014-07-23,0,81,27,,115,40,30,113,48,67,53
4350-01D,2014-07-24,0,0,0,,0,0,0,0,0,0,0
4350-01D,2014-07-25,0,0,0,,0,0,0,0,0,0,0
4350-01D,2014-07-26,0,4,4,,0,0,0,0,0,0,0
4350-01D,2014-07-27,1,152,52,,80,80,43,91,37,125,61
4350-01D,2014-07-28,0,132,32,,116,120,40,82,18,169,38
4350-01D,2014-07-29,0,2,2,,0,0,0,0,0,0,0
4350-01D,2014-07-30,0,12,8,,0,20,20,5,5,0,0
4350-01D,2014-07-31,0,146,52,,150,379,261,123,62,119,65
4350-01D,2014-08-01,0,0,0,,0,0,0,0,0,0,0
4350-01D,2014-08-02,0,0,0,,0,0,0,0,0,0,0
4350-01D,2014-08-03,0,0,0,,0,0,0,0,0,0,0
4350-01D,2014-08-04,0,6,4,,0,0,0,0,0,2,2
4350-01D,2014-08-05,0,14,14,,0,270,270,0,0,0,0
4350-01D,2014-08-06,0,6,4,,0,0,0,11,11,5,5
4350-01D,2014-08-07,0,10,4,,17,0,0,53,27,2,2
4350-01D,2014-08-08,0,0,0,,0,10,10,2,2,0,0
4350-01D,2014-08-09,0,0,0,,0,0,0,0,0,0,0
4350-01D,2014-08-10,0,0,0,,0,0,0,0,0,0,0
4350-01D,2014-08-11,0,0,0,,0,0,0,2,2,0,0
4350-01D,2014-08-12,0,12,6,,5,0,0,0,0,0,0
4350-01D,2014-08-13,1,618,132,,271,480,60,440,58,391,70
4350-01D,2014-08-14,0,0,0,,0,0,0,0,0,0,0
4350-01D,2014-08-15,0,48,16,,10,120,51,41,14,4,2
4350-01D,2014-08-16,0,182,62,,134,132,40,118,43,77,20
4350-01D,2014-08-17,0,12,8,,2,20,10,0,0,12,8
4350-01D,2014-08-18,0,0,0,,0,0,0,0,0,0,0
4350-01D,2014-08-19,0,0,0,,0,0,0,2,2,0,0
4350-01D,2014-08-20,0,0,0,,0,0,0,0,0,0,0
4350-01D,2014-08-21,0,0,0,,12,0,0,0,0,0,0
4350-01D,2014-08-22,0,0,0,,0,11,11,0,0,0,0
4350-01D,2014-08-23,0,0,0,,0,20,20,0,0,0,0
4350-01D,2014-08-24,0,0,0,,0,0,0,0,0,0,0
4350-01D,2014-08-25,0,0,0,,0,0,0,0,0,0,0
4350-01D,2014-08-26,0,0,0,,0,0,0,0,0,0,0
4350-01D,2014-08-27,0,2,2,,3,0,0,0,0,2,2
4350-01D,2014-08-28,0,0,0,,0,0,0,0,0,0,0
4350-01D,2014-08-29,0,0,0,,0,0,0,0,0,0,0
4350-01D,2014-08-30,0,0,0,,0,0,0,0,0,0,0
4350-01D,2014-08-31,0,108,84,,155,130,80,98,62,70,53
4350-01D,2014-09-01,0,0,0,,2,0,0,0,0,0,0
4350-01D,2014-09-02,0,46,20,,56,70,20,33,17,6,2
4350-01D,2014-09-03,0,2,2,,0,10,10,0,0,0,0
4350-01D,2014-09-04,0,0,0,,0,0,0,0,0,0,0
4350-01D,2014-09-05,0,36,12,,114,40,40,20,20,23,15
4350-01D,2014-09-06,0,112,50,,72,70,40,36,15,84,35
4350-01D,2014-09-07,0,0,0,,2,0,0,0,0,0,0
4350-01D,2014-09-08,0,0,0,,0,0,0,0,0,0,0
4350-01D,2014-09-09,0,0,0,,0,0,0,0,0,0,0
4350-01D,2014-09-10,0,0,0,,0,0,0,0,0,0,0
4350-01D,2014-09-11,0,70,34,,60,110,30,53,28,46,20
4350-01D,2014-09-12,0,0,0,,0,0,0,0,0,0,0
4350-01D,2014-09-13,0,176,60,,189,140,50,180,54,124,48
4350-01D,2014-09-14,0,0,0,,0,0,0,0,0,0,0
4350-01D,2014-09-15,0,0,0,,0,0,0,0,0,0,0
4350-01D,2014-09-16,0,8,4,,4,0,0,0,0,7,5
4350-01D,2014-09-17,0,4,2,,7,30,20,0,0,0,0
4350-01D,2014-09-18,0,10,6,,38,0,0,15,9,4,2
4350-01D,2014-09-19,0,0,0,,0,0,0,0,0,0,0
4350-01D,2014-09-20,0,0,0,,0,10,10,0,0,0,0
4350-01D,2014-09-21,0,20,12,,43,20,20,51,19,9,5
4350-01D,2014-09-22,0,0,0,,0,0,0,0,0,0,0
4350-01D,2014-09-23,0,8,8,,7,0,0,9,9,2,2
4350-01D,2014-09-24,0,0,0,,0,20,20,0,0,0,0
4350-01D,2014-09-25,0,0,0,,0,0,0,0,0,0,0
4350-01D,2014-09-26,0,0,0,,0,0,0,0,0,0,0
4350-01D,2014-09-27,0,0,0,,0,0,0,0,0,0,0
4350-01D,2014-09-28,0,0,0,,0,0,0,0,0,0,0
4350-01D,2014-09-29,0,0,0,,0,0,0,0,0,0,0
4350-01D,2014-09-30,0,0,0,,0,0,0,0,0,0,0
4350-01D,2014-10-01,0,0,0,,0,0,0,0,0,0,0
4350-01D,2014-10-02,0,0,0,,0,0,0,0,0,0,0
4350-01D,2014-10-03,0,0,0,,0,0,0,0,0,0,0
4350-01D,2014-10-04,0,284,36,,239,190,40,216,45,177,32
4350-01D,2014-10-05,0,4,2,,0,0,0,0,0,2,2
4350-01D,2014-10-06,0,0,0,,0,0,0,0,0,0,0
4350-01D,2014-10-07,0,54,20,,123,90,40,31,10,40,15
4350-01D,2014-10-08,1,316,118,,187,220,79,189,45,273,68
4350-01D,2014-10-09,0,8,6,,0,10,10,3,3,10,10
4350-01D,2014-10-10,0,0,0,,0,0,0,2,2,0,0
4350-01D,2014-10-11,0,0,0,,0,0,0,0,0,0,0
4350-01D,2014-10-12,0,0,0,,0,0,0,0,0,0,0
4350-01D,2014-10-13,0,0,0,,0,0,0,0,0,0,0
4350-01D,2014-10-14,0,0,0,,0,10,10,0,0,0,0
4350-01D,2014-10-15,0,38,18,,31,50,30,41,26,19,15
4350-01D,2014-10-16,0,86,22,,110,90,50,68,14,55,12
4350-01D,2014-10-17,0,2,2,,0,0,0,0,0,0,0
4350-01D,2014-10-18,0,20,10,,13,40,20,16,8,45,12
4350-01D,2014-10-19,0,0,0,,0,0,0,0,0,0,0
4350-01D,2014-10-20,0,4,4,,0,0,0,4,4,2,2
4350-01D,2014-10-21,0,34,6,,11,0,0,22,6,20,5
4350-01D,2014-10-22,0,0,0,,0,0,0,0,0,0,0
4350-01D,2014-10-23,0,76,26,,50,40,20,51,23,68,22
4350-01D,2014-10-24,0,6,4,,4,0,0,9,5,6,2
4350-01D,2014-10-25,0,50,28,,27,60,30,31,15,46,20
4350-01D,2014-10-26,0,2,2,,0,0,0,6,4,0,0
4350-01D,2014-10-27,0,0,0,,0,0,0,0,0,0,0
4350-01D,2014-10-28,0,30,14,,17,30,30,44,13,12,8
4350-01D,2014-10-29,0,12,8,,9,10,10,11,7,12,5
4350-01D,2014-10-30,0,0,0,,0,0,0,0,0,0,0
4350-01D,2014-10-31,0,0,0,,0,0,0,0,0,0,0
4350-01D,2015-05-01,0,0,0,,0,0,0,0,0,0,0
4350-01D,2015-05-02,0,0,0,,0,0,0,2,2,0,0
4350-01D,2015-05-03,0,0,0,,0,0,0,2,2,0,0
4350-01D,2015-05-04,0,18,10,,12,0,0,7,5,7,5
4350-01D,2015-05-05,0,2,2,,0,0,0,2,2,0,0
4350-01D,2015-05-06,0,0,0,,0,10,10,0,0,0,0
4350-01D,2015-05-07,0,0,0,,0,0,0,0,0,0,0
4350-01D,2015-05-08,0,0,0,,0,0,0,0,0,0,0
4350-01D,2015-05-09,0,50,24,,22,80,80,84,72,40,40
4350-01D,2015-05-10,0,2,2,,0,0,0,0,0,0,0
4350-01D,2015-05-11,0,208,46,,131,100,30,189,44,197,45
4350-01D,2015-05-12,0,88,30,,46,60,30,90,52,28,8
4350-01D,2015-05-13,0,2,2,,0,0,0,0,0,0,0
4350-01D,2015-05-14,0,0,0,,0,0,0,2,2,0,0
4350-01D,2015-05-15,0,0,0,,0,0,0,0,0,0,0
4350-01D,2015-05-16,0,0,0,,0,0,0,0,0,2,2
4350-01D,2015-05-17,0,0,0,,0,0,0,4,2,0,0
4350-01D,2015-05-18,0,318,140,,0,290,140,90,67,159,81
4350-01D,2015-05-19,0,0,0,,0,30,17,0,0,25,23
4350-01D,2015-05-20,0,0,0,,0,0,0,0,0,0,0
4350-01D,2015-05-21,0,0,0,,0,0,0,0,0,0,0
4350-01D,2015-05-22,0,2,2,,0,10,10,2,2,4,2
4350-01D,2015-05-23,0,0,0,,0,10,10,0,0,0,0
4350-01D,2015-05-24,0,0,0,,0,0,0,2,2,0,0
4350-01D,2015-05-25,0,200,56,,206,170,40,187,49,160,48
4350-01D,2015-05-26,0,52,26,,64,10,10,47,28,48,28
4350-01D,2015-05-27,0,0,0,,9,0,0,0,0,5,5
4350-01D,2015-05-28,0,82,44,,79,0,0,47,30,28,18
4350-01D,2015-05-29,0,0,0,,2,0,0,2,2,2,2
4350-01D,2015-05-30,0,38,28,,22,230,120,23,17,22,10
4350-01D,2015-05-31,0,22,6,,40,10,10,30,9,14,5
4350-01D,2015-06-01,0,24,12,,19,0,0,18,10,22,8
4350-01D,2015-06-02,0,48,8,,41,22,12,13,5,13,5
4350-01D,2015-06-03,0,0,0,,2,0,0,0,0,0,0
4350-01D,2015-06-04,0,0,0,,0,0,0,0,0,0,0
4350-01D,2015-06-05,0,98,62,,98,40,30,45,30,122,83
4350-01D,2015-06-06,0,2,2,,0,0,0,0,0,0,0
4350-01D,2015-06-07,0,0,0,,0,0,0,0,0,0,0
4350-01D,2015-06-08,1,288,52,,308,290,100,258,57,240,42
4350-01D,2015-06-09,0,124,56,,48,20,10,77,29,199,129
4350-01D,2015-06-10,0,32,12,,39,330,270,24,14,22,10
4350-01D,2015-06-11,0,2,2,,0,0,0,0,0,0,0
4350-01D,2015-06-12,0,102,28,,131,30,20,106,30,84,25
4350-01D,2015-06-13,0,2,2,,2,0,0,0,0,2,2
4350-01D,2015-06-14,0,0,0,,0,0,0,0,0,0,0
4350-01D,2015-06-15,0,2,2,,0,0,0,0,0,5,5
4350-01D,2015-06-16,1,406,232,,207,180,62,242,118,251,126
4350-01D,2015-06-17,0,2,2,,0,0,0,0,0,0,0
4350-01D,2015-06-18,0,40,26,,57,20,20,36,27,20,10
4350-01D,2015-06-19,0,0,0,,0,0,0,0,0,0,0
4350-01D,2015-06-20,0,0,0,,0,0,0,0,0,0,0
4350-01D,2015-06-21,0,14,12,,165,0,0,194,113,10,8
4350-01D,2015-06-22,0,14,6,,0,0,0,66,66,0,0
4350-01D,2015-06-23,0,50,40,,33,90,51,13,7,8,2
4350-01D,2015-06-24,0,6,6,,0,0,0,29,29,2,2
4350-01D,2015-06-25,0,2,2,,2,0,0,2,2,0,0
4350-01D,2015-06-26,0,0,0,,0,40,40,0,0,0,0
4350-01D,2015-06-27,0,0,0,,0,0,0,0,0,0,0
4350-01D,2015-06-28,0,164,32,,108,190,60,113,27,119,32
4350-01D,2015-06-29,0,12,6,,5,0,0,0,0,12,8
4350-01D,2015-06-30,0,24,10,,36,45,20,25,12,14,12
4350-01D,2015-07-01,0,244,74,,108,215,60,95,31,326,93
4350-01D,2015-07-02,0,0,0,,0,0,0,0,0,0,0
4350-01D,2015-07-03,0,0,0,,0,0,0,0,0,0,0
4350-01D,2015-07-04,0,0,0,,0,0,0,0,0,0,0
4350-01D,2015-07-05,0,0,0,,0,0,0,0,0,0,0
4350-01D,2015-07-06,0,0,0,,0,0,0,0,0,0,0
4350-01D,2015-07-07,0,68,44,,97,20,20,2,2,25,18
4350-01D,2015-07-08,0,32,20,,13,20,20,15,10,82,78
4350-01D,2015-07-09,0,0,0,,0,0,0,0,0,0,0
4350-01D,2015-07-10,0,0,0,,0,0,0,0,0,0,0
4350-01D,2015-07-11,0,0,0,,0,0,0,0,0,0,0
4350-01D,2015-07-12,0,0,0,,0,0,0,0,0,0,0
4350-01D,2015-07-13,0,6,6,,0,0,0,0,0,0,0
4350-01D,2015-07-14,0,0,0,,10,30,30,0,0,12,10
4350-01D,2015-07-15,0,0,0,,0,0,0,0,0,0,0
4350-01D,2015-07-16,0,0,0,,0,0,0,4,2,0,0
4350-01D,2015-07-17,0,29,6,,13,0,0,7,7,7,5
4350-01D,2015-07-18,0,119,7,,65,60,30,60,40,49,18
4350-01D,2015-07-19,1,153,14,,580,210,90,412,212,158,45
4350-01D,2015-07-20,0,5,5,,0,0,0,0,0,0,0
4350-01D,2015-07-21,0,108,29,,175,70,50,306,138,57,42
4350-01D,2015-07-22,0,0,0,,0,0,0,2,2,0,0
4350-01D,2015-07-23,0,2,2,,0,20,20,5,3,0,0
4350-01D,2015-07-24,0,2,2,,37,40,20,12,6,0,0
4350-01D,2015-07-25,0,0,0,,0,10,10,0,0,0,0
4350-01D,2015-07-26,0,24,14,,17,70,70,34,31,33,20
4350-01D,2015-07-27,1,198,171,,258,40,40,10,8,283,231
4350-01D,2015-07-28,0,0,0,,0,0,0,2,2,2,2
4350-01D,2015-07-29,0,0,0,,0,0,0,0,0,0,0
4350-01D,2015-07-30,0,57,32,,32,30,30,39,32,60,38
4350-01D,2015-07-31,0,0,0,,0,70,60,0,0,0,0
4350-01D,2015-08-01,0,29,23,,39,0,0,70,47,13,8
4350-01D,2015-08-02,0,0,0,,0,0,0,4,2,2,2
4350-01D,2015-08-03,0,0,0,,10,20,20,2,2,0,0
4350-01D,2015-08-04,0,52,52,,0,0,0,30,30,63,58
4350-01D,2015-08-05,0,6,6,,4,329,182,4,2,10,5
4350-01D,2015-08-06,0,0,0,,0,0,0,0,0,0,0
4350-01D,2015-08-07,0,0,0,,0,0,0,0,0,0,0
4350-01D,2015-08-08,0,0,0,,0,0,0,5,3,0,0
4350-01D,2015-08-09,0,0,0,,0,0,0,2,2,0,0
4350-01D,2015-08-10,0,13,13,,0,0,0,135,126,15,15
4350-01D,2015-08-11,1,537,117,,368,450,110,588,120,392,83
4350-01D,2015-08-12,0,21,10,,2,290,137,20,16,59,28
4350-01D,2015-08-13,0,0,0,,0,0,0,0,0,0,0
4350-01D,2015-08-14,0,19,8,,50,0,0,36,12,25,8
4350-01D,2015-08-15,0,19,19,,0,0,0,6,3,0,0
4350-01D,2015-08-16,0,0,0,,0,0,0,0,0,0,0
4350-01D,2015-08-17,0,0,0,,0,0,0,0,0,0,0
4350-01D,2015-08-18,1,197,197,,0,0,0,46,44,0,0
4350-01D,2015-08-19,0,0,0,,1,0,0,2,2,2,2
4350-01D,2015-08-20,0,0,0,,0,0,0,0,0,0,0
4350-01D,2015-08-21,0,106,48,,99,100,40,142,46,81,33
4350-01D,2015-08-22,0,0,0,,0,0,0,0,0,0,0
4350-01D,2015-08-23,0,0,0,,0,0,0,0,0,0,0
4350-01D,2015-08-24,0,0,0,,0,0,0,0,0,37,22
4350-01D,2015-08-25,0,0,0,,3,0,0,11,6,2,2
4350-01D,2015-08-26,0,0,0,,0,0,0,0,0,0,0
4350-01D,2015-08-27,0,2,2,,0,0,0,0,0,178,84
4350-01D,2015-08-28,0,0,0,,0,0,0,0,0,0,0
4350-01D,2015-08-29,0,0,0,,0,0,0,3,3,0,0
4350-01D,2015-08-30,0,0,0,,0,0,0,0,0,0,0
4350-01D,2015-08-31,0,0,0,,0,0,0,0,0,0,0
4350-01D,2015-09-01,0,0,0,,0,0,0,0,0,0,0
4350-01D,2015-09-02,0,0,0,,0,0,0,0,0,0,0
4350-01D,2015-09-03,0,0,0,,0,0,0,2,2,0,0
4350-01D,2015-09-04,0,0,0,,0,0,0,0,0,0,0
4350-01D,2015-09-05,0,0,0,,0,0,0,3,3,0,0
4350-01D,2015-09-06,0,0,0,,0,0,0,0,0,0,0
4350-01D,2015-09-07,0,159,153,,142,240,177,155,155,174,147
4350-01D,2015-09-08,0,0,0,,0,10,10,0,0,0,0
4350-01D,2015-09-09,0,3,3,,0,0,0,0,0,17,10
4350-01D,2015-09-10,0,0,0,,0,0,0,9,5,0,0
4350-01D,2015-09-11,0,0,0,,0,0,0,3,3,0,0
4350-01D,2015-09-12,0,86,22,,101,70,20,64,17,73,22
4350-01D,2015-09-13,0,229,71,,250,420,80,337,147,212,60
4350-01D,2015-09-14,0,107,61,,13,380,190,56,36,163,78
4350-01D,2015-09-15,0,0,0,,0,0,0,0,0,0,0
4350-01D,2015-09-16,0,0,0,,0,0,0,0,0,0,0
4350-01D,2015-09-17,0,0,0,,0,0,0,0,0,0,0
4350-01D,2015-09-18,0,0,0,,0,0,0,7,3,0,0
4350-01D,2015-09-19,0,78,55,,68,130,120,101,78,33,25
4350-01D,2015-09-20,0,0,0,,0,0,0,2,2,0,0
4350-01D,2015-09-21,0,0,0,,0,0,0,0,0,0,0
4350-01D,2015-09-22,0,0,0,,0,0,0,0,0,0,0
4350-01D,2015-09-23,0,0,0,,0,0,0,0,0,0,0
4350-01D,2015-09-24,0,0,0,,0,0,0,0,0,0,0
4350-01D,2015-09-25,0,0,0,,0,0,0,0,0,0,0
4350-01D,2015-09-26,0,0,0,,0,0,0,0,0,0,0
4350-01D,2015-09-27,0,0,0,,0,0,0,0,0,0,0
4350-01D,2015-09-28,0,6,4,,0,60,40,6,3,4,4
4350-01D,2015-09-29,0,301,196,,287,430,308,289,140,283,180
4350-01D,2015-09-30,0,52,20,,38,2,2,41,17,63,22
4350-01D,2015-10-01,0,0,0,,0,0,0,0,0,0,0
4350-01D,2015-10-02,0,0,0,,0,0,0,0,0,0,0
4350-01D,2015-10-03,0,0,0,,0,0,0,0,0,0,0
4350-01D,2015-10-04,0,0,0,,0,0,0,0,0,0,0
4350-01D,2015-10-05,0,0,0,,0,0,0,2,2,0,0
4350-01D,2015-10-06,0,0,0,,0,0,0,0,0,0,0
4350-01D,2015-10-07,0,0,0,,0,0,0,0,0,0,0
4350-01D,2015-10-08,0,0,0,,0,0,0,4,4,0,0
4350-01D,2015-10-09,0,66,22,,64,50,20,61,25,67,20
4350-01D,2015-10-10,0,0,0,,0,0,0,3,3,0,0
4350-01D,2015-10-11,0,0,0,,0,0,0,0,0,0,0
4350-01D,2015-10-12,0,0,0,,0,0,0,0,0,0,0
4350-01D,2015-10-13,0,48,26,,11,20,20,21,13,24,10
4350-01D,2015-10-14,0,2,2,,0,0,0,0,0,0,0
4350-01D,2015-10-15,0,107,49,,132,60,30,125,57,87,42
4350-01D,2015-10-16,0,7,7,,36,0,0,20,20,2,2
4350-01D,2015-10-17,0,122,40,,120,150,30,115,38,82,28
4350-01D,2015-10-18,0,0,0,,5,0,0,2,2,0,0
4350-01D,2015-10-19,0,0,0,,7,0,0,2,2,0,0
4350-01D,2015-10-20,0,0,0,,0,0,0,0,0,0,0
4350-01D,2015-10-21,0,0,0,,0,0,0,0,0,0,0
4350-01D,2015-10-22,0,29,15,,29,36,20,30,19,29,15
4350-01D,2015-10-23,0,0,0,,0,0,0,0,0,0,0
4350-01D,2015-10-24,0,13,13,,4,0,0,0,0,8,8
4350-01D,2015-10-25,0,204,66,,152,167,46,158,67,178,68
4350-01D,2015-10-26,0,2,2,,0,10,10,0,0,0,0
4350-01D,2015-10-27,0,0,0,,0,0,0,4,4,0,0
4350-01D,2015-10-28,1,294,73,,267,330,80,277,78,277,68
4350-01D,2015-10-29,0,137,44,,73,112,40,100,35,93,28
4350-01D,2015-10-30,0,5,3,,2,0,0,0,0,0,0
4350-01D,2015-10-31,0,0,0,,2,0,0,6,6,0,0
4350-01D,2016-05-01,0,51,18,,76,70,30,83,29,45,10
4350-01D,2016-05-02,0,24,9,,7,10,10,14,8,22,10
4350-01D,2016-05-03,0,0,0,,0,10,10,0,0,0,0
4350-01D,2016-05-04,0,0,0,,0,0,0,0,0,0,0
4350-01D,2016-05-05,0,0,0,,0,0,0,0,0,0,0
4350-01D,2016-05-06,0,0,0,,0,0,0,0,0,0,0
4350-01D,2016-05-07,0,0,0,,0,0,0,7,5,0,0
4350-01D,2016-05-08,0,82,49,,77,129,60,85,36,119,53
4350-01D,2016-05-09,0,0,0,,0,0,0,0,0,0,0
4350-01D,2016-05-10,0,0,0,,0,0,0,0,0,0,0
4350-01D,2016-05-11,0,0,0,,0,0,0,0,0,0,0
4350-01D,2016-05-12,0,0,0,,0,0,0,0,0,0,0
4350-01D,2016-05-13,0,33,27,,37,40,30,39,26,43,28
4350-01D,2016-05-14,0,26,10,,21,50,30,51,39,16,10
4350-01D,2016-05-15,0,7,5,,3,0,0,2,2,10,5
4350-01D,2016-05-16,0,4,2,,0,0,0,2,2,2,2
4350-01D,2016-05-17,0,0,0,,0,0,0,0,0,0,0
4350-01D,2016-05-18,0,0,0,,0,0,0,0,0,0,0
4350-01D,2016-05-19,0,0,0,,0,101,101,0,0,8,8
4350-01D,2016-05-20,0,0,0,,0,0,0,0,0,0,0
4350-01D,2016-05-21,0,0,0,,0,0,0,0,0,0,0
4350-01D,2016-05-22,0,0,0,,0,0,0,0,0,0,0
4350-01D,2016-05-23,0,0,0,,0,0,0,0,0,0,0
4350-01D,2016-05-24,0,0,0,,0,0,0,0,0,0,0
4350-01D,2016-05-25,0,0,0,,0,0,0,0,0,0,0
4350-01D,2016-05-26,0,0,0,,0,0,0,0,0,0,0
4350-01D,2016-05-27,0,6,6,,56,0,0,10,8,0,0
4350-01D,2016-05-28,0,0,0,,0,0,0,0,0,0,0
4350-01D,2016-05-29,0,4,4,,0,0,0,0,0,14,12
4350-01D,2016-05-30,0,17,14,,0,0,0,0,0,89,56
4350-01D,2016-05-31,0,0,0,,0,0,0,0,0,0,0
4350-01D,2016-06-01,0,0,0,,0,0,0,0,0,0,0
4350-01D,2016-06-02,0,53,23,,46,110,50,44,14,34,12
4350-01D,2016-06-03,0,0,0,,0,0,0,0,0,0,0
4350-01D,2016-06-04,0,0,0,,0,0,0,0,0,0,0
4350-01D,2016-06-05,1,562,123,,234,360,98,283,84,424,121
4350-01D,2016-06-06,0,53,50,,47,30,20,31,24,73,71
4350-01D,2016-06-07,0,0,0,,0,0,0,2,2,0,0
4350-01D,2016-06-08,0,5,3,,4,0,0,8,4,0,0
4350-01D,2016-06-09,0,5,3,,2,10,10,0,0,0,0
4350-01D,2016-06-10,0,0,0,,0,0,0,0,0,0,0
4350-01D,2016-06-11,0,0,0,,0,0,0,0,0,0,0
4350-01D,2016-06-12,0,0,0,,0,18,18,0,0,0,0
4350-01D,2016-06-13,0,0,0,,0,0,0,45,23,0,0
4350-01D,2016-06-14,0,0,0,,8,0,0,0,0,0,0
4350-01D,2016-06-15,0,0,0,,0,0,0,0,0,0,0
4350-01D,2016-06-16,0,0,0,,0,0,0,0,0,0,0
4350-01D,2016-06-17,0,0,0,,0,0,0,0,0,0,0
4350-01D,2016-06-18,0,0,0,,0,0,0,2,2,0,0
4350-01D,2016-06-19,0,0,0,,0,0,0,0,0,0,0
4350-01D,2016-06-20,0,0,0,,0,61,61,0,0,0,0
4350-01D,2016-06-21,0,0,0,,0,0,0,0,0,0,0
4350-01D,2016-06-22,0,56,27,,41,0,0,69,44,2,2
4350-01D,2016-06-23,0,0,0,,0,0,0,0,0,0,0
4350-01D,2016-06-24,0,0,0,,0,0,0,0,0,15,15
4350-01D,2016-06-25,0,0,0,,0,0,0,0,0,0,0
4350-01D,2016-06-26,0,0,0,,0,0,0,0,0,0,0
4350-01D,2016-06-27,0,26,21,,29,10,10,24,13,7,5
4350-01D,2016-06-28,1,210,106,,105,80,40,78,20,50,20
4350-01D,2016-06-29,0,21,15,,7,70,70,10,5,29,25
4350-01D,2016-06-30,0,0,0,,0,0,0,0,0,0,0
4350-01D,2016-07-01,0,15,9,,21,0,0,38,26,20,12
4350-01D,2016-07-02,0,0,0,,0,10,10,0,0,0,0
4350-01D,2016-07-03,0,2,2,,0,20,20,13,9,0,0
4350-01D,2016-07-04,0,0,0,,0,10,10,0,0,0,0
4350-01D,2016-07-05,0,0,0,,0,0,0,0,0,0,0
4350-01D,2016-07-06,0,0,0,,0,0,0,0,0,0,0
4350-01D,2016-07-07,0,0,0,,0,0,0,0,0,0,0
4350-01D,2016-07-08,0,0,0,,0,0,0,0,0,0,0
4350-01D,2016-07-09,0,216,98,,140,360,88,160,49,190,63
4350-01D,2016-07-10,0,11,5,,6,41,20,8,8,2,2
4350-01D,2016-07-11,0,0,0,,0,0,0,0,0,0,0
4350-01D,2016-07-12,0,0,0,,0,0,0,0,0,0,0
4350-01D,2016-07-13,0,0,0,,0,0,0,0,0,0,0
4350-01D,2016-07-14,1,83,45,,106,140,74,56,56,175,173
4350-01D,2016-07-15,0,5,5,,33,0,0,8,8,0,0
4350-01D,2016-07-16,0,113,98,,0,20,20,7,7,70,60
4350-01D,2016-07-17,0,0,0,,0,0,0,0,0,0,0
4350-01D,2016-07-18,1,167,143,,54,140,110,160,128,258,203
4350-01D,2016-07-19,0,0,0,,0,0,0,2,2,0,0
4350-01D,2016-07-20,0,0,0,,0,0,0,0,0,0,0
4350-01D,2016-07-21,0,0,0,,0,0,0,0,0,0,0
4350-01D,2016-07-22,0,46,25,,48,0,0,30,15,71,71
4350-01D,2016-07-23,1,183,128,,167,70,33,173,104,164,104
4350-01D,2016-07-24,0,0,0,,0,0,0,0,0,0,0
4350-01D,2016-07-25,0,41,26,,7,100,40,49,20,35,23
4350-01D,2016-07-26,0,0,0,,0,0,0,0,0,18,18
4350-01D,2016-07-27,0,0,0,,0,0,0,0,0,0,0
4350-01D,2016-07-28,0,0,0,,0,0,0,0,0,0,0
4350-01D,2016-07-29,0,0,0,,0,0,0,0,0,0,0
4350-01D,2016-07-30,0,0,0,,0,0,0,2,2,0,0
4350-01D,2016-07-31,0,0,0,,0,0,0,0,0,0,0
4350-01D,2016-08-01,0,0,0,,0,0,0,0,0,0,0
4350-01D,2016-08-02,0,0,0,,0,0,0,0,0,0,0
4350-01D,2016-08-03,0,0,0,,0,0,0,0,0,0,0
4350-01D,2016-08-04,0,23,19,,0,30,20,0,0,0,0
4350-01D,2016-08-05,0,0,0,,0,0,0,0,0,0,0
4350-01D,2016-08-06,0,0,0,,0,0,0,0,0,0,0
4350-01D,2016-08-07,0,0,0,,0,0,0,0,0,69,36
4350-01D,2016-08-08,0,0,0,,0,0,0,0,0,0,0
4350-01D,2016-08-09,0,0,0,,0,0,0,0,0,0,0
4350-01D,2016-08-10,0,0,0,,0,0,0,0,0,0,0
4350-01D,2016-08-11,0,0,0,,0,0,0,0,0,0,0
4350-01D,2016-08-12,0,17,10,,96,90,31,21,11,19,10
4350-01D,2016-08-13,1,262,89,,203,470,326,262,95,294,175
4350-01D,2016-08-14,1,162,38,,298,460,143,223,54,249,78
4350-01D,2016-08-15,0,0,0,,0,0,0,0,0,0,0
4350-01D,2016-08-16,1,768,220,,699,641,211,700,183,618,166
4350-01D,2016-08-17,1,10,7,,7,20,20,12,10,24,22
4350-01D,2016-08-18,0,0,0,,0,10,10,0,0,0,0
4350-01D,2016-08-19,0,0,0,,0,0,0,0,0,0,0
4350-01D,2016-08-20,0,0,0,,0,0,0,0,0,0,0
4350-01D,2016-08-21,1,221,65,,226,230,70,163,57,143,38
4350-01D,2016-08-22,0,0,0,,0,0,0,0,0,0,0
4350-01D,2016-08-23,0,0,0,,0,0,0,0,0,0,0
4350-01D,2016-08-24,0,0,0,,0,0,0,0,0,0,0
4350-01D,2016-08-25,0,8,6,,6,0,0,6,4,29,12
4350-01D,2016-08-26,0,0,0,,0,0,0,0,0,0,0
4350-01D,2016-08-27,0,0,0,,0,0,0,0,0,0,0
4350-01D,2016-08-28,0,0,0,,0,0,0,0,0,0,0
4350-01D,2016-08-29,0,0,0,,0,0,0,0,0,0,0
4350-01D,2016-08-30,0,0,0,,0,0,0,0,0,2,2
4350-01D,2016-08-31,0,0,0,,147,20,20,74,74,0,0
4350-01D,2016-09-01,0,0,0,,0,0,0,0,0,0,0
4350-01D,2016-09-02,0,0,0,,0,0,0,0,0,0,0
4350-01D,2016-09-03,0,0,0,,0,0,0,0,0,0,0
4350-01D,2016-09-04,0,0,0,,0,0,0,0,0,0,0
4350-01D,2016-09-05,0,0,0,,0,0,0,0,0,0,0
4350-01D,2016-09-06,0,0,0,,0,0,0,0,0,0,0
4350-01D,2016-09-07,0,0,0,,0,0,0,2,2,0,0
4350-01D,2016-09-08,0,77,38,,117,130,70,108,70,57,20
4350-01D,2016-09-09,0,0,0,,0,0,0,0,0,0,0
4350-01D,2016-09-10,0,0,0,,3,0,0,0,0,0,0
4350-01D,2016-09-11,0,60,50,,38,30,30,54,28,76,43
4350-01D,2016-09-12,0,0,0,,0,0,0,0,0,0,0
4350-01D,2016-09-13,0,0,0,,0,0,0,0,0,0,0
4350-01D,2016-09-14,0,0,0,,10,0,0,0,0,2,2
4350-01D,2016-09-15,0,0,0,,0,0,0,0,0,0,0
4350-01D,2016-09-16,0,0,0,,0,0,0,0,0,0,0
4350-01D,2016-09-17,0,0,0,,19,20,20,6,4,0,0
4350-01D,2016-09-18,0,20,13,,16,40,28,15,7,24,8
4350-01D,2016-09-19,0,0,0,,0,0,0,0,0,0,0
4350-01D,2016-09-20,0,0,0,,0,0,0,0,0,0,0
4350-01D,2016-09-21,0,0,0,,0,0,0,0,0,0,0
4350-01D,2016-09-22,0,11,8,,5,0,0,5,3,14,12
4350-01D,2016-09-23,0,16,10,,29,10,10,23,9,19,12
4350-01D,2016-09-24,0,0,0,,0,0,0,0,0,0,0
4350-01D,2016-09-25,0,0,0,,0,0,0,0,0,0,0
4350-01D,2016-09-26,0,0,0,,0,0,0,0,0,0,0
4350-01D,2016-09-27,0,26,13,,8,30,20,28,14,17,5
4350-01D,2016-09-28,0,0,0,,0,0,0,0,0,0,0
4350-01D,2016-09-29,0,0,0,,0,0,0,0,0,0,0
4350-01D,2016-09-30,0,0,0,,0,0,0,0,0,0,0
4350-01D,2016-10-01,0,0,0,,0,0,0,0,0,0,0
4350-01D,2016-10-02,0,8,6,,0,30,20,7,3,0,0
4350-01D,2016-10-03,0,0,0,,0,0,0,0,0,2,2
4350-01D,2016-10-04,0,0,0,,0,0,0,0,0,0,0
4350-01D,2016-10-05,0,0,0,,0,0,0,0,0,0,0
4350-01D,2016-10-06,0,0,0,,0,0,0,0,0,0,0
4350-01D,2016-10-07,0,0,0,,0,0,0,0,0,0,0
4350-01D,2016-10-08,0,199,65,,131,220,70,164,66,131,32
4350-01D,2016-10-09,0,0,0,,0,0,0,0,0,0,0
4350-01D,2016-10-10,0,0,0,,0,0,0,0,0,0,0
4350-01D,2016-10-11,0,0,0,,0,0,0,0,0,0,0
4350-01D,2016-10-12,0,0,0,,0,0,0,0,0,0,0
4350-01D,2016-10-13,0,76,26,,39,80,36,63,35,78,32
4350-01D,2016-10-14,0,0,0,,0,0,0,2,2,0,0
4350-01D,2016-10-15,0,0,0,,0,0,0,0,0,0,0
4350-01D,2016-10-16,0,126,44,,99,100,50,120,48,96,45
4350-01D,2016-10-17,0,3,3,,0,10,10,0,0,0,0
4350-01D,2016-10-18,0,41,15,,69,70,20,50,17,62,30
4350-01D,2016-10-19,0,0,0,,0,0,0,0,0,0,0
4350-01D,2016-10-20,1,206,59,,153,160,30,195,49,173,45
4350-01D,2016-10-21,1,484,63,,356,400,60,363,49,439,75
4350-01D,2016-10-22,1,271,40,,212,300,40,266,37,292,40
4350-01D,2016-10-23,1,120,33,,40,130,50,52,17,98,25
4350-01D,2016-10-24,0,0,0,,0,0,0,0,0,0,0
4350-01D,2016-10-25,0,0,0,,0,0,0,0,0,0,0
4350-01D,2016-10-26,0,0,0,,0,0,0,0,0,0,0
4350-01D,2016-10-27,0,118,31,,125,60,20,125,32,114,32
4350-01D,2016-10-28,0,96,21,,138,80,20,59,21,105,25
4350-01D,2016-10-29,0,87,34,,65,80,30,65,17,63,25
4350-01D,2016-10-30,0,0,0,,0,0,0,0,0,0,0
4350-01D,2016-10-31,0,0,0,,0,0,0,0,0,0,0
4350-01D,2017-05-01,0,459,68,,476,530,110,456,73,421,86
4350-01D,2017-05-02,0,0,0,,0,20,20,0,0,0,0
4350-01D,2017-05-03,0,0,0,,0,0,0,0,0,0,0
4350-01D,2017-05-04,0,0,0,,0,0,0,0,0,0,0
4350-01D,2017-05-05,0,170,33,,277,150,29,194,34,125,25
4350-01D,2017-05-06,0,58,34,,92,70,40,83,47,24,12
4350-01D,2017-05-07,0,73,19,,93,110,60,73,17,86,20
4350-01D,2017-05-08,0,2,2,,4,0,0,2,2,0,0
4350-01D,2017-05-09,0,4,2,,2,0,0,0,0,0,0
4350-01D,2017-05-10,0,0,0,,0,0,0,0,0,0,0
4350-01D,2017-05-11,0,0,0,,0,0,0,0,0,0,0
4350-01D,2017-05-12,0,0,0,,0,0,0,0,0,0,0
4350-01D,2017-05-13,0,0,0,,38,0,0,9,7,15,15
4350-01D,2017-05-14,0,28,5,,35,70,20,33,7,35,8
4350-01D,2017-05-15,0,2,2,,5,0,0,5,5,9,5
4350-01D,2017-05-16,0,0,0,,0,0,0,0,0,0,0
4350-01D,2017-05-17,0,0,0,,0,0,0,0,0,0,0
4350-01D,2017-05-18,0,7,3,,3,10,10,2,2,0,0
4350-01D,2017-05-19,0,2,2,,0,0,0,2,2,2,2
4350-01D,2017-05-20,0,0,0,,2,0,0,0,0,0,0
4350-01D,2017-05-21,0,0,0,,5,0,0,0,0,2,2
4350-01D,2017-05-22,0,83,16,,105,30,20,83,14,56,12
4350-01D,2017-05-23,0,0,0,,0,10,10,0,0,0,0
4350-01D,2017-05-24,0,0,0,,0,0,0,0,0,0,0
4350-01D,2017-05-25,0,124,49,,96,170,80,86,41,118,42
4350-01D,2017-05-26,0,21,7,,23,40,30,24,6,10,5
4350-01D,2017-05-27,0,0,0,,0,0,0,0,0,0,0
4350-01D,2017-05-28,0,0,0,,0,0,0,0,0,0,0
4350-01D,2017-05-29,0,109,27,,58,60,30,64,26,78,25
4350-01D,2017-05-30,0,60,22,,84,100,40,83,47,33,18
4350-01D,2017-05-31,0,22,18,,13,210,106,13,13,50,50
4350-01D,2017-06-01,0,0,0,,0,0,0,0,0,0,0
4350-01D,2017-06-02,0,14,7,,14,0,0,45,17,17,8
4350-01D,2017-06-03,0,0,0,,14,0,0,0,0,2,2
4350-01D,2017-06-04,0,0,0,,0,0,0,0,0,0,0
4350-01D,2017-06-05,1,434,91,,323,230,60,368,60,253,40
4350-01D,2017-06-06,0,192,53,,138,90,40,124,39,85,20
4350-01D,2017-06-07,0,0,0,,0,0,0,0,0,0,0
4350-01D,2017-06-08,0,0,0,,0,0,0,2,2,0,0
4350-01D,2017-06-09,0,0,0,,0,0,0,2,2,0,0
4350-01D,2017-06-10,0,0,0,,0,0,0,2,2,0,0
4350-01D,2017-06-11,0,0,0,,0,10,10,0,0,0,0
4350-01D,2017-06-12,0,0,0,,0,0,0,22,20,53,53
4350-01D,2017-06-13,0,0,0,,0,0,0,0,0,0,0
4350-01D,2017-06-14,0,0,0,,0,0,0,0,0,0,0
4350-01D,2017-06-15,0,0,0,,0,0,0,0,0,0,0
4350-01D,2017-06-16,0,292,87,,172,210,70,230,55,253,62
4350-01D,2017-06-17,0,0,0,,0,0,0,0,0,0,0
4350-01D,2017-06-18,0,0,0,,0,80,58,0,0,5,5
4350-01D,2017-06-19,0,2,2,,9,0,0,5,5,14,8
4350-01D,2017-06-20,0,174,84,,96,80,30,159,86,117,98
4350-01D,2017-06-21,0,0,0,,0,30,20,0,0,0,0
4350-01D,2017-06-22,0,0,0,,0,0,0,0,0,0,0
4350-01D,2017-06-23,0,136,31,,110,60,20,114,24,124,25
4350-01D,2017-06-24,0,0,0,,0,34,24,0,0,0,0
4350-01D,2017-06-25,0,0,0,,0,140,70,0,0,10,10
4350-01D,2017-06-26,0,55,43,,8,0,0,15,15,38,38
4350-01D,2017-06-27,0,27,23,,0,20,20,14,7,131,111
4350-01D,2017-06-28,0,2,2,,35,10,10,0,0,0,0
4350-01D,2017-06-29,0,27,9,,61,12,4,32,10,19,8
4350-01D,2017-06-30,0,66,45,,41,42,17,57,52,90,50
4350-01D,2017-07-01,0,31,9,,71,18,5,52,24,29,15
4350-01D,2017-07-02,0,0,0,,14,0,0,0,0,0,0
4350-01D,2017-07-03,0,0,0,,0,0,0,0,0,0,0
4350-01D,2017-07-04,0,0,0,,0,0,0,0,0,0,0
4350-01D,2017-07-05,0,0,0,,0,0,0,0,0,0,0
4350-01D,2017-07-06,0,0,0,,0,0,0,0,0,0,0
4350-01D,2017-07-07,0,74,41,,70,350,240,100,92,85,30
4350-01D,2017-07-08,1,327,220,,173,280,130,207,158,194,134
4350-01D,2017-07-09,0,0,0,,0,0,0,2,2,0,0
4350-01D,2017-07-10,0,24,20,,16,0,0,21,13,17,12
4350-01D,2017-07-11,0,0,0,,0,10,10,0,0,0,0
4350-01D,2017-07-12,0,0,0,,0,0,0,0,0,8,8
4350-01D,2017-07-13,0,6,3,,14,50,20,8,3,12,2
4350-01D,2017-07-14,0,56,27,,75,0,0,77,43,57,30
4350-01D,2017-07-15,0,8,3,,32,20,20,11,9,4,2
4350-01D,2017-07-16,0,0,0,,16,0,0,7,4,0,0
4350-01D,2017-07-17,0,13,11,,6,0,0,33,17,33,13
4350-01D,2017-07-18,0,0,0,,0,0,0,0,0,0,0
4350-01D,2017-07-19,0,13,13,,0,0,0,75,75,46,46
4350-01D,2017-07-20,0,0,0,,268,0,0,88,80,4,2
4350-01D,2017-07-21,0,61,49,,0,0,0,0,0,8,8
4350-01D,2017-07-22,0,0,0,,0,0,0,0,0,0,0
4350-01D,2017-07-23,0,0,0,,0,0,0,0,0,0,0
4350-01D,2017-07-24,0,173,28,,261,200,30,152,25,131,20
4350-01D,2017-07-25,0,53,23,,13,40,20,15,6,19,12
4350-01D,2017-07-26,0,0,0,,0,0,0,0,0,0,0
4350-01D,2017-07-27,0,0,0,,15,0,0,0,0,0,0
4350-01D,2017-07-28,0,0,0,,0,0,0,0,0,0,0
4350-01D,2017-07-29,0,0,0,,0,0,0,0,0,0,0
4350-01D,2017-07-30,0,0,0,,0,0,0,0,0,0,0
4350-01D,2017-07-31,0,101,101,,0,330,255,366,366,8,8
4350-01D,2017-08-01,0,3,3,,0,0,0,0,0,0,0
4350-01D,2017-08-02,0,40,40,,0,50,50,0,0,84,84
4350-01D,2017-08-03,0,2,2,,0,0,0,0,0,0,0
4350-01D,2017-08-04,0,148,100,,138,10,10,306,279,228,154
4350-01D,2017-08-05,0,148,57,,50,60,20,121,37,98,38
4350-01D,2017-08-06,0,0,0,,0,0,0,0,0,0,0
4350-01D,2017-08-07,0,0,0,,0,0,0,0,0,0,0
4350-01D,2017-08-08,0,0,0,,0,0,0,2,2,0,0
4350-01D,2017-08-09,0,0,0,,0,0,0,0,0,0,0
4350-01D,2017-08-10,0,0,0,,0,0,0,0,0,0,0
4350-01D,2017-08-11,0,0,0,,15,0,0,0,0,0,0
4350-01D,2017-08-12,0,110,45,,110,170,110,55,31,63,25
4350-01D,2017-08-13,0,15,15,,7,10,10,6,6,10,8
4350-01D,2017-08-14,0,0,0,,0,0,0,0,0,0,0
4350-01D,2017-08-15,0,59,53,,101,30,20,69,57,68,58
4350-01D,2017-08-16,0,0,0,,0,0,0,0,0,0,0
4350-01D,2017-08-17,0,0,0,,0,0,0,0,0,0,0
4350-01D,2017-08-18,0,189,69,,182,140,60,180,75,157,60
4350-01D,2017-08-19,0,0,0,,0,11,11,0,0,0,0
4350-01D,2017-08-20,0,0,0,,0,0,0,0,0,0,0
4350-01D,2017-08-21,0,0,0,,0,0,0,0,0,0,0
4350-01D,2017-08-22,0,145,102,,135,260,170,87,68,175,157
4350-01D,2017-08-23,0,0,0,,0,0,0,0,0,0,0
4350-01D,2017-08-24,0,0,0,,0,0,0,0,0,0,0
4350-01D,2017-08-25,0,0,0,,0,0,0,0,0,0,0
4350-01D,2017-08-26,0,0,0,,0,0,0,0,0,0,0
4350-01D,2017-08-27,0,0,0,,0,0,0,0,0,0,0
4350-01D,2017-08-28,0,0,0,,0,0,0,0,0,0,0
4350-01D,2017-08-29,0,2,2,,0,0,0,0,0,0,0
4350-01D,2017-08-30,0,0,0,,0,0,0,0,0,0,0
4350-01D,2017-08-31,0,2,2,,0,10,10,5,3,20,10
4350-01D,2017-09-01,0,0,0,,0,0,0,0,0,0,0
4350-01D,2017-09-02,0,0,0,,0,0,0,0,0,0,0
4350-01D,2017-09-03,0,275,44,,196,280,60,236,37,244,55
4350-01D,2017-09-04,0,16,12,,22,30,20,15,9,19,15
4350-01D,2017-09-05,0,11,8,,20,60,40,6,4,10,8
4350-01D,2017-09-06,0,0,0,,0,0,0,0,0,2,2
4350-01D,2017-09-07,0,108,25,,86,70,20,167,123,150,40
4350-01D,2017-09-08,0,0,0,,0,0,0,3,3,0,0
4350-01D,2017-09-09,0,38,30,,15,0,0,3,3,5,5
4350-01D,2017-09-10,0,0,0,,0,0,0,0,0,0,0
4350-01D,2017-09-11,0,0,0,,0,0,0,0,0,0,0
4350-01D,2017-09-12,0,0,0,,0,0,0,0,0,0,0
4350-01D,2017-09-13,0,0,0,,0,0,0,0,0,0,0
4350-01D,2017-09-14,0,0,0,,0,0,0,0,0,0,0
4350-01D,2017-09-15,0,0,0,,0,0,0,0,0,0,0
4350-01D,2017-09-16,0,0,0,,0,0,0,2,2,0,0
4350-01D,2017-09-17,0,0,0,,0,0,0,0,0,0,0
4350-01D,2017-09-18,0,0,0,,0,0,0,0,0,0,0
4350-01D,2017-09-19,0,0,0,,0,0,0,0,0,0,0
4350-01D,2017-09-20,0,0,0,,0,0,0,0,0,0,0
4350-01D,2017-09-21,0,0,0,,0,0,0,0,0,0,0
4350-01D,2017-09-22,0,0,0,,0,0,0,0,0,0,0
4350-01D,2017-09-23,0,0,0,,0,0,0,0,0,0,0
4350-01D,2017-09-24,0,0,0,,0,0,0,0,0,0,0
4350-01D,2017-09-25,0,0,0,,0,0,0,0,0,0,0
4350-01D,2017-09-26,0,0,0,,0,0,0,0,0,0,0
4350-01D,2017-09-27,0,50,42,,36,60,50,50,50,20,10
4350-01D,2017-09-28,0,0,0,,0,0,0,0,0,0,0
4350-01D,2017-09-29,0,0,0,,0,0,0,0,0,0,0
4350-01D,2017-09-30,0,0,0,,0,0,0,0,0,0,0
4350-01D,2017-10-01,0,0,0,,0,0,0,0,0,0,0
4350-01D,2017-10-02,0,0,0,,0,0,0,0,0,0,0
4350-01D,2017-10-03,0,0,0,,0,0,0,0,0,0,0
4350-01D,2017-10-04,0,74,41,,67,100,40,47,21,69,40
4350-01D,2017-10-05,0,0,0,,0,0,0,0,0,2,2
4350-01D,2017-10-06,0,0,0,,0,0,0,0,0,0,0
4350-01D,2017-10-07,0,30,27,,35,30,20,31,31,38,28
4350-01D,2017-10-08,0,69,35,,70,191,80,54,38,130,96
4350-01D,2017-10-09,1,324,82,,298,170,80,279,65,326,65
4350-01D,2017-10-10,0,0,0,,0,0,0,0,0,0,0
4350-01D,2017-10-11,0,0,0,,0,0,0,0,0,0,0
4350-01D,2017-10-12,0,0,0,,0,0,0,0,0,0,0
4350-01D,2017-10-13,0,0,0,,0,0,0,0,0,0,0
4350-01D,2017-10-14,0,0,0,,0,0,0,0,0,4,2
4350-01D,2017-10-15,0,133,59,,87,160,60,93,30,114,48
4350-01D,2017-10-16,0,0,0,,0,0,0,0,0,0,0
4350-01D,2017-10-17,0,0,0,,0,0,0,0,0,0,0
4350-01D,2017-10-18,0,0,0,,0,0,0,0,0,0,0
4350-01D,2017-10-19,0,0,0,,0,0,0,0,0,0,0
4350-01D,2017-10-20,0,0,0,,0,0,0,0,0,0,0
4350-01D,2017-10-21,0,0,0,,0,0,0,0,0,0,0
4350-01D,2017-10-22,0,0,0,,0,0,0,0,0,0,0
4350-01D,2017-10-23,0,0,0,,0,0,0,0,0,0,0
4350-01D,2017-10-24,1,295,123,,240,272,107,298,120,139,40
4350-01D,2017-10-25,0,2,2,,0,10,10,0,0,2,2
4350-01D,2017-10-26,0,36,13,,16,30,20,24,9,64,12
4350-01D,2017-10-27,0,0,0,,0,0,0,0,0,2,2
4350-01D,2017-10-28,0,0,0,,0,0,0,0,0,0,0
4350-01D,2017-10-29,0,184,33,,271,280,59,223,44,142,26
4350-01D,2017-10-30,0,44,20,,50,110,30,31,17,50,15
4350-01D,2017-10-31,0,0,0,,0,0,0,0,0,8,8
4350-01D,2018-05-01,0,4,2,,3,11,6,7,5,4,2
4350-01D,2018-05-02,0,0,0,,0,33,17,0,0,0,0
4350-01D,2018-05-03,0,176,46,,91,99,25,125,45,136,42
4350-01D,2018-05-04,0,94,76,,39,30,11,46,31,49,35
4350-01D,2018-05-05,0,0,0,,0,21,11,0,0,0,0
4350-01D,2018-05-06,0,0,0,,0,7,7,0,0,0,0
4350-01D,2018-05-07,0,0,0,,0,0,0,0,0,0,0
4350-01D,2018-05-08,0,0,0,,0,0,0,0,0,0,0
4350-01D,2018-05-09,0,0,0,,0,9,9,0,0,0,0
4350-01D,2018-05-10,0,0,0,,0,36,18,0,0,4,2
4350-01D,2018-05-11,0,0,0,,0,0,0,0,0,0,0
4350-01D,2018-05-12,0,0,0,,0,6,6,0,0,0,0
4350-01D,2018-05-13,0,0,0,,0,8,8,0,0,0,0
4350-01D,2018-05-14,0,0,0,,0,2,2,0,0,0,0
4350-01D,2018-05-15,0,8,4,,10,10,4,3,3,13,8
4350-01D,2018-05-16,0,0,0,,0,0,0,0,0,0,0
4350-01D,2018-05-17,0,0,0,,0,0,0,0,0,0,0
4350-01D,2018-05-18,0,0,0,,0,8,5,0,0,0,0
4350-01D,2018-05-19,0,76,38,,42,77,41,57,39,92,40
4350-01D,2018-05-20,0,88,68,,91,100,35,91,69,83,63
4350-01D,2018-05-21,0,0,0,,0,12,5,0,0,0,0
4350-01D,2018-05-22,0,20,6,,20,5,5,21,14,61,23
4350-01D,2018-05-23,0,0,0,,0,8,8,0,0,0,0
4350-01D,2018-05-24,0,0,0,,0,8,8,0,0,0,0
4350-01D,2018-05-25,0,0,0,,0,0,0,0,0,0,0
4350-01D,2018-05-26,0,57,31,,154,45,33,80,51,45,28
4350-01D,2018-05-27,0,10,10,,0,32,21,2,2,52,42
4350-01D,2018-05-28,0,6,6,,0,36,36,12,9,63,58
4350-01D,2018-05-29,0,0,0,,0,4,4,0,0,2,2
4350-01D,2018-05-30,0,0,0,,0,7,7,0,0,0,0
4350-01D,2018-05-31,0,0,0,,0,0,0,0,0,0,0
4350-01D,2018-06-01,0,8,8,,0,31,29,0,0,5,5
4350-01D,2018-06-02,0,0,0,,0,0,0,0,0,0,0
4350-01D,2018-06-03,0,0,0,,21,0,0,0,0,0,0
4350-01D,2018-06-04,0,289,34,,339,219,29,258,27,263,25
4350-01D,2018-06-05,0,21,15,,8,14,5,0,0,10,2
4350-01D,2018-06-06,0,0,0,,4,0,0,0,0,0,0
4350-01D,2018-06-07,0,0,0,,0,0,0,0,0,0,0
4350-01D,2018-06-08,0,0,0,,0,5,5,0,0,124,106
4350-01D,2018-06-09,0,0,0,,0,6,4,0,0,0,0
4350-01D,2018-06-10,0,0,0,,0,2,2,0,0,0,0
4350-01D,2018-06-11,0,0,0,,0,11,6,0,0,0,0
4350-01D,2018-06-12,0,0,0,,0,5,5,0,0,0,0
4350-01D,2018-06-13,0,39,15,,34,101,64,33,11,34,12
4350-01D,2018-06-14,0,116,33,,82,57,38,100,39,36,12
4350-01D,2018-06-15,0,2,2,,0,2,2,0,0,0,0
4350-01D,2018-06-16,0,0,0,,0,11,4,0,0,0,0
4350-01D,2018-06-17,0,0,0,,0,2,2,0,0,0,0
4350-01D,2018-06-18,1,279,103,,93,321,132,211,96,407,124
4350-01D,2018-06-19,0,0,0,,0,4,2,0,0,0,0
4350-01D,2018-06-20,0,0,0,,8,7,3,0,0,8,8
4350-01D,2018-06-21,0,0,0,,0,14,8,0,0,0,0
4350-01D,2018-06-22,0,0,0,,0,9,4,0,0,0,0
4350-01D,2018-06-23,0,7,4,,25,81,49,22,10,15,8
4350-01D,2018-06-24,0,76,25,,47,75,19,56,13,119,32
4350-01D,2018-06-25,0,0,0,,0,4,2,0,0,0,0
4350-01D,2018-06-26,0,0,0,,0,9,4,0,0,0,0
4350-01D,2018-06-27,0,7,7,,8,9,3,4,4,14,12
4350-01D,2018-06-28,0,15,11,,7,13,6,8,8,7,5
4350-01D,2018-06-29,0,0,0,,0,3,3,0,0,0,0
4350-01D,2018-06-30,0,0,0,,33,10,4,58,58,0,0
4350-01D,2018-07-01,0,0,0,,0,10,4,0,0,0,0
4350-01D,2018-07-02,0,0,0,,0,16,13,0,0,0,0
4350-01D,2018-07-03,0,0,0,,0,2,2,0,0,0,0
4350-01D,2018-07-04,0,0,0,,0,8,5,0,0,0,0
4350-01D,2018-07-05,0,0,0,,0,6,4,0,0,0,0
4350-01D,2018-07-06,0,32,32,,0,49,31,0,0,25,25
4350-01D,2018-07-07,0,0,0,,0,5,3,0,0,0,0
4350-01D,2018-07-08,0,0,0,,0,0,0,0,0,0,0
4350-01D,2018-07-09,0,0,0,,0,0,0,0,0,0,0
4350-01D,2018-07-10,0,2,2,,0,25,14,0,0,15,15
4350-01D,2018-07-11,0,0,0,,0,8,3,0,0,0,0
4350-01D,2018-07-12,0,0,0,,0,10,5,0,0,0,0
4350-01D,2018-07-13,0,0,0,,0,7,4,0,0,0,0
4350-01D,2018-07-14,0,0,0,,0,24,6,0,0,4,2
4350-01D,2018-07-15,0,0,0,,0,7,4,0,0,0,0
4350-01D,2018-07-16,0,0,0,,0,9,3,0,0,0,0
4350-01D,2018-07-17,1,287,132,,256,193,61,320,171,141,78
4350-01D,2018-07-18,0,0,0,,0,5,5,0,0,0,0
4350-01D,2018-07-19,0,0,0,,0,8,3,0,0,0,0
4350-01D,2018-07-20,0,0,0,,0,13,4,0,0,0,0
4350-01D,2018-07-21,0,0,0,,0,2,2,0,0,0,0
4350-01D,2018-07-22,0,47,19,,57,59,25,34,12,20,10
4350-01D,2018-07-23,0,0,0,,0,0,0,0,0,0,0
4350-01D,2018-07-24,0,12,12,,0,6,3,0,0,14,10
4350-01D,2018-07-25,1,387,257,,159,430,261,287,115,255,183
4350-01D,2018-07-26,0,9,9,,5,80,53,266,216,18,13
4350-01D,2018-07-27,0,0,0,,0,3,3,0,0,0,0
4350-01D,2018-07-28,0,37,37,,120,19,8,14,12,43,43
4350-01D,2018-07-29,0,0,0,,0,9,7,0,0,0,0
4350-01D,2018-07-30,0,0,0,,0,14,8,0,0,0,0
4350-01D,2018-07-31,0,0,0,,0,9,3,0,0,0,0
4350-01D,2018-08-01,0,73,53,,0,6,3,34,27,63,35
4350-01D,2018-08-02,0,3,3,,0,7,7,3,3,20,18
4350-01D,2018-08-03,0,0,0,,0,6,3,0,0,0,0
4350-01D,2018-08-04,0,4,4,,120,18,4,17,17,5,5
4350-01D,2018-08-05,0,0,0,,0,14,6,0,0,0,0
4350-01D,2018-08-06,0,12,9,,183,0,0,90,79,9,5
4350-01D,2018-08-07,0,5,5,,11,22,16,9,4,5,5
4350-01D,2018-08-08,0,30,11,,37,41,14,35,10,75,30
4350-01D,2018-08-09,0,40,17,,111,77,66,49,22,24,12
4350-01D,2018-08-10,0,0,0,,0,4,4,0,0,0,0
4350-01D,2018-08-11,0,0,0,,0,16,4,0,0,0,0
4350-01D,2018-08-12,0,9,6,,0,21,9,0,0,0,0
4350-01D,2018-08-13,0,0,0,,0,11,9,0,0,0,0
4350-01D,2018-08-14,0,41,37,,0,12,3,75,75,0,0
4350-01D,2018-08-17,0,41,21,,17,63,33,27,10,48,28
4350-01D,2018-08-18,0,0,0,,0,6,3,0,0,0,0
4350-01D,2018-08-21,0,0,0,,1,19,14,2,2,2,2
4350-01D,2018-08-22,0,26,10,,3,11,5,4,2,20,8
4350-01D,2018-08-23,0,0,0,,0,4,4,2,2,0,0
4350-01D,2018-08-24,0,0,0,,0,4,2,0,0,0,0
4350-01D,2018-08-25,0,0,0,,0,12,6,0,0,0,0
4350-01D,2018-08-26,0,84,45,,22,0,0,158,108,89,38
4350-01D,2018-08-27,0,0,0,,0,15,6,2,2,2,2
4350-01D,2018-08-28,0,146,50,,2,223,95,89,44,87,48
4350-01D,2018-08-29,0,8,5,,21,37,25,15,13,10,8
4350-01D,2018-08-30,0,0,0,,0,11,8,2,2,0,0
4350-01D,2018-08-31,0,0,0,,0,8,3,0,0,0,0
4350-01D,2018-09-01,0,4,4,,0,2,2,0,0,0,0
4350-01D,2018-09-02,0,89,31,,90,502,201,96,69,290,76
4350-01D,2018-09-03,0,59,37,,81,204,88,39,33,122,102
4350-01D,2018-09-04,0,0,0,,0,6,6,2,2,0,0
4350-01D,2018-09-05,0,5,3,,0,48,22,10,8,10,8
4350-01D,2018-09-06,0,0,0,,0,9,9,0,0,0,0
4350-01D,2018-09-07,0,0,0,,0,213,103,0,0,0,0
4350-01D,2018-09-08,0,0,0,,0,0,0,0,0,0,0
4350-01D,2018-09-09,0,0,0,,0,0,0,0,0,0,0
4350-01D,2018-09-10,0,81,55,,141,56,51,113,66,92,73
4350-01D,2018-09-11,0,170,50,,72,95,45,128,48,139,75
4350-01D,2018-09-12,0,0,0,,0,0,0,0,0,0,0
4350-01D,2018-09-13,0,0,0,,0,0,0,0,0,0,0
4350-01D,2018-09-14,0,0,0,,0,0,0,0,0,2,2
4350-01D,2018-09-15,0,0,0,,0,0,0,0,0,0,0
4350-01D,2018-09-16,0,2,2,,0,0,0,0,0,0,0
4350-01D,2018-09-17,0,0,0,,0,0,0,0,0,0,0
4350-01D,2018-09-18,0,0,0,,0,0,0,2,2,0,0
4350-01D,2018-09-19,0,0,0,,0,0,0,2,2,0,0
4350-01D,2018-09-20,0,0,0,,0,0,0,0,0,0,0
4350-01D,2018-09-21,1,363,179,,361,363,107,329,143,293,91
4350-01D,2018-09-22,0,2,2,,0,0,0,4,2,0,0
4350-01D,2018-09-23,0,0,0,,0,0,0,0,0,0,0
4350-01D,2018-09-24,0,0,0,,0,0,0,2,2,0,0
4350-01D,2018-09-25,0,75,22,,50,86,34,39,22,72,28
4350-01D,2018-09-26,0,85,46,,74,62,22,40,20,43,12
4350-01D,2018-09-27,0,2,2,,0,0,0,2,2,0,0
4350-01D,2018-09-28,0,0,0,,14,0,0,3,3,2,2
4350-01D,2018-09-29,0,12,4,,14,10,7,13,5,2,2
4350-01D,2018-09-30,0,2,2,,11,0,0,4,2,2,2
4350-01D,2018-10-01,0,8,2,,9,0,0,11,5,7,5
4350-01D,2018-10-02,0,104,20,,83,53,12,76,19,99,18
4350-01D,2018-10-03,0,0,0,,0,0,0,0,0,0,0
4350-01D,2018-10-04,0,15,12,,23,42,24,20,10,17,12
4350-01D,2018-10-05,0,4,2,,0,0,0,0,0,0,0
4350-01D,2018-10-06,0,0,0,,0,0,0,0,0,0,0
4350-01D,2018-10-07,0,0,0,,2,0,0,0,0,4,2
4350-01D,2018-10-08,0,148,102,,92,33,17,123,77,161,106
4350-01D,2018-10-09,0,56,51,,46,5,3,57,55,66,51
4350-01D,2018-10-10,0,120,63,,42,59,25,45,21,86,50
4350-01D,2018-10-11,0,81,29,,53,72,17,71,28,102,35
4350-01D,2018-10-12,0,3,3,,0,2,2,0,0,0,0
4350-01D,2018-10-13,0,0,0,,0,0,0,0,0,0,0
4350-01D,2018-10-14,0,3,3,,0,0,0,2,2,0,0
4350-01D,2018-10-15,0,51,19,,49,51,18,43,11,41,20
4350-01D,2018-10-16,0,0,0,,0,0,0,2,2,0,0
4350-01D,2018-10-17,0,0,0,,0,0,0,0,0,2,2
4350-01D,2018-10-18,0,0,0,,0,0,0,0,0,0,0
4350-01D,2018-10-19,0,0,0,,0,0,0,0,0,0,0
4350-01D,2018-10-20,0,0,0,,10,4,4,5,5,10,10
4350-01D,2018-10-21,0,0,0,,0,0,0,0,0,0,0
4350-01D,2018-10-22,0,0,0,,0,0,0,0,0,0,0
4350-01D,2018-10-23,0,0,0,,0,0,0,0,0,2,2
4350-01D,2018-10-24,0,18,7,,3,12,5,10,3,32,10
4350-01D,2018-10-25,0,0,0,,0,0,0,0,0,0,0
4350-01D,2018-10-26,0,0,0,,0,0,0,0,0,0,0
4350-01D,2018-10-27,0,101,40,,66,71,19,81,29,101,32
4350-01D,2018-10-28,0,88,21,,75,95,13,58,13,60,8
4350-01D,2018-10-29,0,13,3,,14,20,10,13,5,17,5
4350-01D,2018-10-30,0,0,0,,0,0,0,0,0,0,0
4350-01D,2018-10-31,0,85,16,,95,78,20,80,14,75,15
